Unnamed: 0,Age,Sex,Job,Housing,Saving accounts,Checking account,Credit amount,Duration,Purpose
29,63,male,2,own,little,little,6836,60,business
535,33,male,2,rent,little,rich,2319,21,education
695,50,male,2,rent,quite rich,,1236,6,car
557,29,female,2,own,,,5003,21,car
836,21,female,2,own,,,886,12,radio/TV
596,23,female,2,rent,little,little,1442,24,car
165,32,male,2,own,quite rich,,2978,6,furniture/equipment
918,33,male,2,own,moderate,little,2359,24,furniture/equipment
495,20,male,2,own,,little,2996,24,furniture/equipment
824,35,male,3,own,little,,3780,18,furniture/equipment
65,48,male,2,own,,,5190,27,repairs
141,30,female,3,own,little,moderate,4795,36,radio/TV
925,46,male,2,own,little,little,697,12,car
827,36,male,2,own,little,,4165,18,business
655,22,male,2,free,little,little,3973,14,car
331,30,female,2,own,moderate,,1864,18,education
664,50,female,1,own,little,rich,1047,6,education
249,22,female,2,rent,little,,433,18,radio/TV
907,27,male,2,own,,moderate,3711,36,education
708,25,female,2,own,little,moderate,1206,9,radio/TV
305,33,male,2,own,rich,,1543,6,furniture/equipment
734,37,female,2,own,little,,3380,4,car
975,57,female,1,own,quite rich,rich,1258,24,radio/TV
49,28,female,2,own,moderate,,2073,12,radio/TV
896,28,female,3,rent,little,little,2606,21,radio/TV
2,49,male,1,own,little,,2096,12,education
544,61,male,1,own,little,,1255,12,car
350,23,female,2,rent,little,,1236,9,domestic appliances
904,36,male,3,own,little,,1278,24,radio/TV
536,75,female,3,own,,little,1374,6,car
344,37,male,1,own,little,rich,3949,10,car
994,50,male,2,own,,,2390,12,car
481,26,male,2,own,little,moderate,1201,24,car
575,24,female,2,own,little,,2788,15,furniture/equipment
33,57,male,1,rent,,,1264,12,business
31,27,male,2,own,little,little,4020,24,furniture/equipment
231,51,male,1,free,quite rich,,2507,9,car
963,35,male,2,own,quite rich,,2397,24,radio/TV
192,36,male,2,own,little,moderate,3915,27,business
333,24,female,1,rent,moderate,,11590,48,car
3,45,male,2,free,little,little,7882,42,furniture/equipment
204,38,male,1,own,little,,1495,12,car
514,54,male,2,own,,,2255,24,car
799,35,male,0,own,,moderate,1549,9,car
306,24,female,1,rent,,,4811,30,car
109,35,male,2,own,quite rich,moderate,1410,14,business
430,74,male,1,own,little,,3448,5,business
77,51,male,2,own,little,moderate,4771,11,radio/TV
84,52,male,1,own,little,little,2315,10,radio/TV
286,26,male,2,own,little,little,4788,48,car
82,24,female,1,rent,moderate,,1568,18,business
991,34,male,1,own,moderate,,1569,15,radio/TV
789,27,male,2,own,little,little,5998,40,education
894,29,male,2,own,,,1169,18,radio/TV
398,46,male,2,rent,little,moderate,1223,12,car
323,28,male,2,own,rich,little,2659,18,furniture/equipment
519,36,male,2,free,,,700,6,radio/TV
916,32,male,2,own,moderate,,2848,10,car
922,22,female,2,rent,little,little,1366,9,radio/TV
5,35,male,1,free,,,9055,36,education
731,21,male,1,rent,little,little,1987,24,radio/TV
465,63,male,2,own,little,little,2924,24,car
97,34,male,2,own,moderate,moderate,2622,18,business
266,36,male,2,own,,,6304,36,business
357,26,male,3,own,little,,4463,36,radio/TV
868,37,male,2,own,,,7409,36,business
798,54,male,2,own,,,717,24,car
380,39,male,2,own,,little,2212,20,furniture/equipment
631,44,male,2,own,little,little,1553,18,furniture/equipment
381,38,female,3,free,little,moderate,12976,18,car
490,26,male,2,own,little,,1934,12,radio/TV
118,23,female,2,own,quite rich,little,4281,33,furniture/equipment
900,43,male,2,rent,little,little,2625,16,car
250,39,female,1,own,rich,little,666,6,car
523,23,female,2,own,moderate,,3488,24,car
9,28,male,3,own,little,moderate,5234,30,car
196,28,female,2,own,little,,1382,6,radio/TV
603,28,female,3,own,little,,3349,36,furniture/equipment
81,47,male,2,own,quite rich,,1213,15,radio/TV
783,23,female,1,own,moderate,moderate,836,12,car
587,21,male,1,own,little,little,1289,12,furniture/equipment
797,22,female,1,rent,little,,1258,12,furniture/equipment
239,39,male,2,own,little,little,2522,30,radio/TV
290,26,male,2,own,little,,1076,12,business
211,45,female,1,own,,,3835,36,radio/TV
717,32,male,3,free,little,,1505,18,radio/TV
359,23,female,2,rent,little,little,2406,30,furniture/equipment
449,61,male,2,own,rich,moderate,1512,15,repairs
227,53,male,3,free,little,little,7865,12,furniture/equipment
950,40,male,0,own,little,moderate,3590,18,business
946,30,male,2,free,quite rich,little,3349,24,furniture/equipment
796,51,male,2,free,,little,7511,18,car
501,42,male,2,free,little,little,5493,36,car
464,34,male,2,own,little,,1950,18,business
362,36,female,2,own,little,rich,2247,12,car
468,26,female,2,own,little,,2764,33,business
935,30,male,3,own,moderate,moderate,1919,30,radio/TV
428,20,male,2,own,little,,1313,9,furniture/equipment
7,35,male,3,rent,little,moderate,6948,36,car
155,20,female,2,rent,little,little,1282,12,furniture/equipment
541,60,male,2,free,little,,2032,24,car
440,39,male,3,own,little,,1884,12,car
482,57,female,2,rent,rich,little,3622,30,furniture/equipment
422,47,male,1,own,little,moderate,958,12,car
778,38,male,3,own,rich,,5711,36,car
949,31,male,2,own,moderate,,3621,24,radio/TV
334,23,male,2,rent,little,little,4110,24,furniture/equipment
576,27,female,2,own,little,moderate,2930,12,radio/TV
934,23,female,2,own,little,little,1498,12,radio/TV
567,34,male,2,own,rich,,2578,24,radio/TV
594,40,male,3,own,,little,1358,24,vacation/others
530,32,male,2,own,little,moderate,2273,36,education
581,49,male,1,own,little,moderate,3124,12,car
707,25,female,2,rent,little,moderate,2969,12,furniture/equipment
448,55,female,3,own,,rich,1424,12,furniture/equipment
453,35,male,3,own,little,,2670,24,car
228,22,male,2,own,little,,1478,9,radio/TV
352,38,male,3,own,,,3229,18,car
728,59,female,2,rent,little,moderate,6416,48,business
212,50,male,2,own,little,little,5293,27,business
79,22,male,2,own,little,moderate,3832,30,furniture/equipment
148,28,male,2,own,little,little,5371,36,furniture/equipment
302,37,male,1,own,,rich,1344,24,car
628,36,male,2,own,quite rich,,4042,42,furniture/equipment
777,25,female,2,own,little,little,3509,18,radio/TV
506,36,male,2,own,quite rich,rich,2360,15,car
342,25,male,2,rent,quite rich,moderate,3213,18,radio/TV
485,47,male,3,own,little,moderate,1209,6,car
711,35,female,2,free,little,little,1198,6,education
133,47,male,2,free,little,,1984,18,furniture/equipment
703,41,male,2,own,moderate,moderate,2503,30,business
311,25,male,2,own,moderate,,5511,24,furniture/equipment
722,24,female,1,own,little,little,1228,12,car
629,64,male,1,own,,,3832,9,education
0,67,male,2,own,,little,1169,6,radio/TV
316,38,male,1,own,little,little,708,12,furniture/equipment
706,24,male,2,own,moderate,moderate,6560,48,car
547,32,male,2,own,little,,1552,24,radio/TV
872,26,male,2,own,moderate,little,1382,24,business
532,41,male,2,rent,little,,1503,12,car
477,25,male,2,own,little,rich,5152,24,radio/TV
404,43,male,2,own,,moderate,2899,18,car
172,34,female,3,own,little,moderate,2064,24,furniture/equipment
125,30,male,2,own,little,little,2121,12,car
394,31,male,3,own,little,,2406,9,furniture/equipment
420,20,female,2,rent,rich,,3186,15,car
552,34,male,2,own,little,little,6999,48,radio/TV
903,40,male,2,rent,,,1386,15,radio/TV
90,56,male,2,own,little,,618,12,radio/TV
939,46,male,3,own,,,6842,24,car
181,30,male,3,own,little,moderate,4455,36,business
274,34,male,1,own,little,little,11998,30,repairs
895,31,male,3,own,,,8947,36,car
69,25,female,2,own,,,2394,36,radio/TV
291,28,male,3,rent,little,moderate,9398,36,car
131,29,male,2,own,little,little,6887,36,education
300,54,female,0,own,little,,672,6,car
424,25,female,2,own,,moderate,2762,12,furniture/equipment
326,49,male,2,rent,,,5801,12,furniture/equipment
144,23,female,2,own,little,,2288,21,furniture/equipment
423,34,male,3,own,moderate,,1591,21,furniture/equipment
580,30,male,2,own,little,moderate,1056,18,car
135,38,female,2,own,,,1240,12,radio/TV
450,30,male,3,own,,,11054,36,car
164,36,male,2,own,quite rich,,909,36,car
28,34,male,2,own,little,moderate,2415,7,radio/TV
773,52,male,2,own,moderate,,2223,24,radio/TV
193,29,male,2,rent,little,,2108,6,radio/TV
388,27,male,2,own,quite rich,moderate,2326,15,business
852,35,male,2,free,little,,1471,15,radio/TV
169,31,male,2,own,little,moderate,1935,24,business
705,35,female,2,free,quite rich,,5324,15,car
140,27,male,0,own,rich,rich,709,6,car
173,33,male,2,own,little,moderate,1414,8,radio/TV
6,53,male,2,own,quite rich,,2835,24,furniture/equipment
745,28,male,1,own,little,little,1797,13,business
478,39,male,1,own,moderate,moderate,1037,12,business
73,41,female,1,own,little,moderate,5954,42,business
910,34,female,2,own,little,,4454,36,radio/TV
813,54,male,2,own,little,little,3051,48,domestic appliances
238,35,female,2,own,little,,1291,12,radio/TV
145,30,male,2,own,moderate,moderate,3566,48,business
792,27,male,2,own,,,1221,6,furniture/equipment
234,42,male,1,own,little,,1544,4,radio/TV
220,26,male,1,own,little,moderate,625,12,radio/TV
923,30,male,2,rent,little,moderate,2002,12,car
500,27,female,2,own,little,little,3123,24,car
132,27,male,1,own,little,,2708,15,furniture/equipment
990,37,male,1,own,,,3565,12,education
774,66,male,0,free,quite rich,rich,1480,12,car
185,31,male,2,own,little,,1360,15,radio/TV
41,26,male,2,own,quite rich,moderate,1158,12,radio/TV
696,29,male,2,own,little,moderate,1103,12,radio/TV
108,30,female,2,own,,little,7721,24,furniture/equipment
588,47,male,1,own,little,little,1217,18,domestic appliances
56,52,male,3,own,,moderate,6468,12,radio/TV
405,22,male,2,own,little,moderate,2039,24,radio/TV
442,29,male,2,own,little,moderate,2629,20,vacation/others
757,39,male,2,free,,rich,1271,15,radio/TV
997,38,male,2,own,little,,804,12,radio/TV
24,26,male,2,own,,,2069,10,furniture/equipment
467,32,male,2,own,,,7238,48,radio/TV
539,45,female,1,own,little,rich,3049,18,furniture/equipment
531,28,female,2,rent,moderate,moderate,2631,15,car
618,21,female,2,rent,moderate,moderate,3441,30,furniture/equipment
694,28,male,2,own,little,,2284,24,radio/TV
926,21,female,2,rent,little,little,1049,18,furniture/equipment
338,28,male,2,own,little,little,4169,24,furniture/equipment
51,30,male,3,own,little,moderate,5965,27,car
507,34,male,3,own,moderate,moderate,6850,15,car
516,40,male,1,own,little,little,1361,6,car
920,28,female,2,own,little,,1817,18,furniture/equipment
781,60,male,2,own,rich,,1940,24,car
264,32,male,1,own,little,,1231,10,car
817,24,female,2,rent,little,,1554,6,radio/TV
710,32,male,3,own,quite rich,,629,18,radio/TV
682,33,male,2,own,little,,1478,15,radio/TV
832,29,male,2,rent,little,little,11816,45,business
518,43,male,2,own,moderate,little,1203,6,car
447,35,male,2,own,little,moderate,2576,7,radio/TV
18,44,female,3,free,little,moderate,12579,24,car
715,63,male,2,own,,,7596,30,car
483,30,female,2,own,rich,,960,15,furniture/equipment
568,41,male,2,own,,moderate,3979,48,radio/TV
433,33,male,2,own,little,,2058,24,repairs
367,22,female,2,rent,little,little,3650,18,furniture/equipment
83,58,female,1,own,little,little,1755,24,vacation/others
61,50,male,2,own,,moderate,1537,15,radio/TV
638,34,female,2,own,little,,1493,12,radio/TV
272,36,male,3,free,,moderate,12169,48,car
285,35,female,1,own,little,little,10722,47,car
360,61,male,2,free,,moderate,1239,18,education
354,46,male,2,free,quite rich,,727,10,education
456,36,male,2,rent,little,little,3905,11,car
278,32,female,2,own,little,,4611,6,furniture/equipment
12,22,female,2,own,little,moderate,1567,12,radio/TV
182,40,male,1,own,,little,1647,21,car
368,42,male,2,own,little,little,3446,36,furniture/equipment
881,48,male,2,free,,,9277,24,car
615,48,male,3,own,,moderate,12204,48,business
223,32,male,2,own,,,2978,24,business
572,26,female,3,rent,,,5433,24,car
970,22,male,2,own,moderate,moderate,1514,15,repairs
653,42,male,3,own,moderate,moderate,8086,36,car
545,43,male,2,free,little,little,1333,24,car
582,26,female,2,rent,little,,1388,9,furniture/equipment
633,19,female,2,rent,little,,1980,9,furniture/equipment
176,42,male,2,own,little,little,2577,12,furniture/equipment
665,27,male,3,own,little,,6314,24,vacation/others
673,24,male,2,own,quite rich,,2080,6,car
585,20,female,2,rent,little,little,2039,18,furniture/equipment
873,24,female,2,own,,,874,15,domestic appliances
393,31,female,2,own,little,little,1957,6,radio/TV
163,70,male,3,free,little,moderate,7308,10,car
248,26,male,2,own,little,rich,1925,24,furniture/equipment
634,25,female,1,own,little,moderate,1355,24,car
885,53,female,2,own,little,little,795,12,education
669,47,male,2,own,little,rich,3017,30,radio/TV
375,37,female,2,rent,little,little,7685,48,business
412,42,male,3,own,little,,2292,12,business
74,40,male,3,own,,little,1977,36,education
113,25,female,2,own,little,,7855,36,car
598,31,male,2,own,little,,2775,18,car
961,47,male,2,own,little,moderate,2353,21,car
390,30,male,3,own,little,,1820,18,car
104,26,male,2,rent,,,2445,12,car
114,35,male,2,own,quite rich,little,1680,12,radio/TV
417,23,female,2,rent,,little,8471,18,education
525,30,male,2,own,little,moderate,7966,26,car
457,35,male,2,free,little,little,3386,12,car
409,28,male,2,own,quite rich,rich,939,12,car
92,33,female,1,own,,,797,12,radio/TV
930,24,male,1,own,little,little,1747,24,furniture/equipment
89,28,male,2,own,little,little,1108,12,repairs
336,23,female,1,own,little,moderate,2101,13,radio/TV
988,29,male,3,free,little,little,6579,24,car
921,37,male,3,own,quite rich,,12749,48,radio/TV
933,42,male,2,own,quite rich,,522,12,radio/TV
605,22,male,2,own,quite rich,little,2828,24,furniture/equipment
593,20,female,1,rent,little,moderate,2718,24,car
611,48,female,1,free,moderate,rich,1240,10,car
94,54,male,2,own,rich,moderate,1318,12,car
11,24,female,2,rent,little,little,4308,48,business
396,55,female,3,free,little,little,2578,12,furniture/equipment
533,26,male,2,own,moderate,,1311,24,radio/TV
43,24,male,2,rent,moderate,little,6187,30,car
42,44,male,1,own,little,moderate,6204,18,repairs
329,28,male,2,own,little,moderate,1068,6,radio/TV
167,20,female,2,own,rich,moderate,1577,11,furniture/equipment
497,40,male,2,own,little,,1585,24,furniture/equipment
876,36,male,3,free,little,little,1940,18,radio/TV
597,36,male,1,own,little,moderate,4241,24,business
756,74,male,0,own,little,rich,1299,6,car
100,41,male,1,rent,moderate,,1469,24,car
426,29,male,2,own,little,,2743,28,radio/TV
178,31,male,3,rent,little,,1963,12,radio/TV
444,30,female,3,own,little,moderate,5096,48,furniture/equipment
416,33,male,1,own,little,little,2579,12,car
870,40,female,2,own,quite rich,,7678,36,furniture/equipment
882,36,male,2,own,,moderate,2181,30,car
680,56,female,2,own,little,,1538,6,education
177,52,male,2,own,quite rich,little,338,6,radio/TV
395,32,male,2,rent,moderate,moderate,11760,39,education
911,25,female,1,own,little,moderate,4736,24,furniture/equipment
793,51,male,2,free,little,rich,2892,24,furniture/equipment
960,30,male,2,rent,little,,1740,6,radio/TV
684,31,male,1,own,moderate,moderate,9857,36,business
383,26,male,2,own,little,rich,1330,12,car
956,49,male,1,own,,rich,3656,30,radio/TV
751,23,female,1,own,little,little,976,18,car
257,29,male,2,free,little,little,2149,12,radio/TV
538,42,male,3,free,little,little,7763,48,car
335,44,male,3,rent,little,little,3384,6,furniture/equipment
15,32,female,1,own,moderate,little,1282,24,radio/TV
324,36,female,2,own,little,,1028,18,car
758,31,male,2,own,little,,1393,24,car
222,30,male,2,own,little,,707,12,radio/TV
179,65,male,2,own,little,little,571,21,car
983,26,male,2,own,little,little,8229,36,car
22,48,male,1,rent,little,little,2241,10,car
356,49,male,2,own,,,2331,12,radio/TV
666,34,male,2,own,rich,moderate,3496,30,furniture/equipment
861,28,male,2,own,little,,2169,18,business
340,24,female,2,free,little,moderate,5743,24,education
431,29,male,3,own,little,moderate,11328,24,vacation/others
551,45,male,1,own,quite rich,,1750,6,radio/TV
833,42,female,2,own,,moderate,5084,24,radio/TV
203,21,male,2,rent,little,little,902,12,education
630,28,female,2,own,little,little,3660,24,radio/TV
93,20,male,2,rent,,rich,3617,24,furniture/equipment
558,27,male,2,own,little,little,3552,24,furniture/equipment
68,37,male,2,free,little,,1819,36,education
622,38,male,2,own,,,3914,48,business
284,37,male,2,own,moderate,moderate,3878,24,car
844,47,male,2,own,little,,3422,18,furniture/equipment
434,25,male,2,own,little,little,2136,9,furniture/equipment
153,29,female,2,rent,rich,moderate,7758,24,car
75,66,male,3,free,little,little,1526,12,car
730,33,male,2,own,little,moderate,6403,24,radio/TV
446,34,female,2,own,little,little,1842,36,car
188,20,male,2,own,moderate,little,674,12,radio/TV
271,37,female,2,rent,quite rich,,1402,12,furniture/equipment
236,23,male,0,own,,moderate,14555,6,car
487,62,female,2,free,little,,3757,24,car
117,27,female,2,rent,,little,2132,10,furniture/equipment
943,42,male,1,own,little,,1455,4,car
512,26,male,2,rent,little,rich,2687,15,business
825,30,male,2,own,little,little,1602,21,car
591,42,female,2,rent,,moderate,1965,24,car
126,40,male,1,own,little,little,701,12,radio/TV
116,30,female,3,own,,little,7174,42,radio/TV
473,36,male,3,own,,,1238,6,education
693,44,male,1,own,,little,4716,6,car
57,31,female,2,own,little,,9566,36,radio/TV
863,32,male,1,own,rich,,4526,27,furniture/equipment
912,25,female,2,own,,moderate,2991,30,radio/TV
369,40,female,2,rent,little,moderate,3001,18,furniture/equipment
268,45,male,3,own,little,little,8978,14,car
46,39,male,2,own,quite rich,,2299,36,radio/TV
349,32,male,2,free,rich,moderate,1136,9,education
195,34,female,3,own,little,moderate,1501,9,education
999,27,male,2,own,moderate,moderate,4576,45,car
834,25,female,1,own,little,rich,2327,15,radio/TV
736,23,female,3,rent,little,moderate,11560,24,car
263,57,female,1,free,little,,2748,12,education
443,41,male,1,own,little,,719,12,education
675,26,female,3,rent,little,,4530,30,radio/TV
304,44,male,2,free,quite rich,,10127,48,car
341,26,female,1,rent,little,little,3599,21,furniture/equipment
966,23,male,1,own,quite rich,moderate,2520,27,radio/TV
149,46,male,2,own,rich,,1582,18,radio/TV
124,27,female,2,rent,,moderate,1924,18,furniture/equipment
786,40,male,2,own,quite rich,,2675,22,radio/TV
50,29,male,1,own,,moderate,2333,24,furniture/equipment
353,28,male,2,rent,little,little,6199,12,radio/TV
927,39,male,2,free,little,little,10297,48,car
142,27,male,3,own,little,little,3416,27,radio/TV
470,22,male,2,rent,moderate,moderate,3092,24,radio/TV
399,43,female,1,own,rich,,1516,24,radio/TV
625,35,male,2,own,,,1979,15,radio/TV
320,28,male,3,own,little,moderate,4249,30,car
19,31,male,2,own,quite rich,,3430,24,radio/TV
809,26,female,0,rent,little,moderate,1778,15,car
790,39,female,2,own,little,moderate,1188,21,business
808,55,male,3,free,little,moderate,9283,42,car
407,27,male,2,own,little,little,1053,15,radio/TV
537,37,female,2,own,little,moderate,3612,18,furniture/equipment
620,27,male,2,own,little,moderate,3652,21,business
38,37,male,2,own,little,rich,1225,10,domestic appliances
175,53,female,3,own,,,7485,30,car
245,25,male,2,own,little,,1258,24,business
828,47,male,2,free,,little,8335,36,car
667,27,female,2,own,little,,3609,48,business
754,55,male,2,free,rich,,1555,12,repairs
858,29,female,2,own,little,little,3959,15,car
154,36,male,3,rent,moderate,moderate,6967,24,business
287,31,male,3,free,moderate,moderate,7582,48,vacation/others
602,34,female,1,free,little,moderate,1837,24,education
569,31,female,2,own,little,little,6758,48,radio/TV
743,22,male,2,own,quite rich,little,2483,24,furniture/equipment
17,25,male,2,own,,little,8072,30,business
127,30,male,2,own,little,moderate,639,12,repairs
322,34,male,3,free,little,little,2910,24,car
255,27,male,1,own,,moderate,7418,60,radio/TV
657,37,male,2,own,,,10222,48,radio/TV
964,22,male,1,own,little,moderate,454,6,repairs
190,54,male,3,own,rich,,4591,24,business
115,47,male,2,own,,,3578,48,radio/TV
616,27,male,3,free,,moderate,9157,60,radio/TV
606,74,male,3,own,little,,4526,24,business
180,28,male,2,own,little,,9572,36,business
301,42,female,2,own,little,moderate,3804,36,radio/TV
759,35,male,2,own,little,little,691,12,car
712,46,male,3,own,,,2476,21,car
723,66,female,1,own,quite rich,moderate,790,9,radio/TV
685,34,male,2,free,,,6527,60,car
979,25,male,2,rent,moderate,moderate,1264,15,car
517,23,female,2,rent,little,,7127,36,furniture/equipment
984,30,male,1,own,little,,2028,24,furniture/equipment
45,35,female,3,own,little,,1393,11,car
909,33,female,1,own,,moderate,3195,9,car
157,45,male,1,own,little,little,339,12,education
851,43,male,2,own,,,4042,24,car
171,26,female,2,own,little,,763,12,furniture/equipment
16,53,male,2,own,,,2424,24,radio/TV
511,32,male,3,free,little,,4686,36,car
48,39,male,1,own,little,,7228,11,car
971,43,male,1,own,little,,7393,24,car
940,45,male,3,own,,,3527,12,car
515,37,female,2,own,little,little,609,6,car
952,28,female,2,rent,quite rich,moderate,4113,24,car
480,23,female,1,own,little,moderate,3573,12,radio/TV
283,63,male,2,own,,,1520,15,furniture/equipment
718,31,male,2,own,,rich,3148,24,radio/TV
877,28,male,2,own,little,,3595,36,radio/TV
225,27,male,2,own,little,,2613,36,repairs
26,39,male,1,own,little,,426,6,radio/TV
954,29,female,2,own,little,little,1893,12,car
437,37,female,2,own,rich,,1287,24,car
951,24,male,2,own,little,little,2145,36,business
364,25,male,0,own,little,little,2473,18,furniture/equipment
229,22,male,2,free,little,little,3149,24,furniture/equipment
37,37,male,2,own,little,rich,2100,18,radio/TV
965,26,female,2,own,,moderate,1715,30,radio/TV
374,60,female,3,free,moderate,moderate,14782,60,vacation/others
469,35,male,1,own,little,,4679,24,car
967,54,female,3,rent,little,,3568,15,radio/TV
850,33,male,2,rent,little,little,2235,20,car
704,32,female,2,own,little,moderate,2528,27,business
841,28,male,1,own,little,,2993,21,car
194,21,male,2,rent,moderate,moderate,3031,45,radio/TV
854,45,male,2,own,little,,10875,36,car
864,25,male,1,rent,little,,2210,10,furniture/equipment
503,38,male,2,own,moderate,moderate,1216,24,radio/TV
969,40,male,1,own,little,little,3939,11,car
830,44,male,2,own,quite rich,,2375,24,business
579,27,male,1,own,little,,937,24,education
968,29,male,2,rent,,,7166,42,radio/TV
162,36,male,2,own,quite rich,,1262,15,domestic appliances
908,46,female,1,own,little,,3594,15,car
152,24,male,2,own,little,rich,5848,36,radio/TV
801,48,female,1,rent,little,moderate,1795,18,radio/TV
993,30,male,3,own,little,little,3959,36,furniture/equipment
755,32,female,2,rent,,little,1285,24,car
111,23,female,2,rent,little,rich,392,15,education
226,27,male,2,own,rich,moderate,10961,48,radio/TV
688,35,male,2,own,moderate,,2753,9,radio/TV
103,35,male,2,rent,little,moderate,1919,9,furniture/equipment
421,30,male,2,own,,moderate,2028,12,car
419,33,female,2,own,,moderate,1042,18,car
750,49,female,2,own,little,little,428,6,furniture/equipment
586,36,male,2,rent,little,little,2799,9,car
780,25,male,2,own,little,moderate,4933,39,radio/TV
672,42,male,3,own,little,,10366,60,car
119,36,male,3,own,quite rich,moderate,2366,12,car
53,31,male,2,own,,,3378,18,car
151,38,male,2,own,little,,1924,10,radio/TV
403,27,male,1,own,little,,802,14,car
945,30,female,2,own,quite rich,moderate,8358,48,car
207,26,male,2,own,little,moderate,1424,12,domestic appliances
658,28,female,2,own,little,moderate,4221,30,business
843,50,male,2,own,little,,1559,24,business
762,24,male,1,own,little,little,2214,12,radio/TV
8,61,male,1,own,rich,,3059,12,radio/TV
807,65,male,2,own,,,930,12,radio/TV
36,31,male,2,free,little,,6110,48,education
452,34,male,2,own,little,,2759,12,furniture/equipment
651,37,male,1,own,little,moderate,1922,12,furniture/equipment
253,35,male,2,own,moderate,,4151,24,furniture/equipment
303,49,male,2,own,little,little,1038,10,car
746,23,female,2,rent,little,little,2511,15,car
571,38,male,2,own,little,,5954,30,radio/TV
623,22,female,2,rent,little,little,1858,12,furniture/equipment
732,44,female,1,own,little,moderate,760,8,radio/TV
891,46,male,2,own,little,,1829,15,radio/TV
262,36,male,3,free,little,little,5302,18,car
610,22,female,2,own,moderate,little,741,12,domestic appliances
297,45,male,1,own,,,1287,10,car
414,35,female,2,own,,little,1381,24,car
150,42,male,2,free,moderate,,1346,6,radio/TV
788,50,male,2,free,little,moderate,6224,48,education
640,27,female,0,own,little,little,750,18,education
889,40,male,2,rent,,,7824,28,car
550,23,female,2,own,,,996,12,repairs
886,34,male,2,own,,moderate,2825,24,business
488,35,male,1,rent,moderate,,1418,10,car
147,51,female,2,own,moderate,,682,12,car
146,39,female,2,own,little,little,860,6,car
720,34,male,3,own,little,rich,1337,9,radio/TV
931,22,female,2,own,little,moderate,1670,9,radio/TV
739,26,female,1,rent,moderate,moderate,4280,30,business
659,41,male,2,own,little,moderate,6361,18,furniture/equipment
348,34,male,1,own,moderate,,1743,6,business
463,38,male,2,own,,moderate,754,12,education
325,39,male,1,own,little,little,3398,8,car
186,74,female,3,free,little,moderate,5129,9,car
123,63,male,2,free,little,rich,781,10,car
853,32,male,1,free,little,little,1442,18,car
608,33,male,2,own,little,,2051,18,radio/TV
143,22,male,2,own,little,little,2462,18,furniture/equipment
958,45,male,1,own,little,little,4006,28,car
197,27,female,2,rent,moderate,moderate,951,12,furniture/equipment
609,45,male,2,free,,,1300,15,car
279,29,male,3,rent,moderate,,1901,24,radio/TV
293,56,male,2,free,little,rich,4796,42,car
400,39,male,2,own,little,,1473,18,radio/TV
122,24,male,1,rent,little,,1768,12,furniture/equipment
183,50,male,2,own,rich,,3777,24,furniture/equipment
202,26,male,2,own,little,,5117,27,business
438,65,male,0,own,little,little,3394,42,repairs
246,52,male,2,own,little,,717,12,radio/TV
415,35,male,2,own,little,,5842,36,car
932,30,male,2,own,little,,1224,9,car
765,40,male,1,own,little,moderate,1155,12,radio/TV
906,24,male,1,own,,little,3763,21,car
835,48,male,2,own,little,little,1082,12,car
887,23,male,2,own,little,moderate,15672,48,business
129,29,female,2,own,little,little,3499,12,car
637,21,male,2,own,little,,15653,60,radio/TV
402,27,male,2,own,little,,8648,24,business
784,60,male,3,own,,moderate,6468,20,car
770,26,female,2,rent,,little,2812,24,car
735,29,female,0,own,,moderate,3990,36,domestic appliances
913,28,male,2,own,rich,,2142,11,business
219,64,female,2,own,little,,1364,10,car
641,38,male,1,own,little,moderate,1308,15,repairs
915,32,female,3,own,little,moderate,18424,48,vacation/others
752,23,female,1,rent,moderate,moderate,841,12,business
806,26,male,1,own,little,moderate,590,6,radio/TV
919,39,male,3,rent,little,little,3345,24,furniture/equipment
624,65,male,2,free,little,little,2600,18,radio/TV
874,29,male,1,own,little,little,3590,12,furniture/equipment
760,59,female,2,own,,,5045,15,car
386,21,female,2,rent,,,1126,18,radio/TV
972,29,female,0,rent,little,little,1193,24,car
509,45,male,3,own,moderate,,8588,39,car
267,38,female,2,own,little,,1533,24,radio/TV
819,26,male,2,own,little,little,1345,18,radio/TV
441,30,female,2,own,little,little,1620,12,furniture/equipment
496,29,male,3,rent,moderate,moderate,9034,36,furniture/equipment
112,28,male,1,rent,little,moderate,6260,18,car
691,25,female,1,own,moderate,moderate,2631,15,repairs
232,35,male,2,own,moderate,,2141,12,radio/TV
869,24,female,2,rent,little,little,652,12,furniture/equipment
607,50,female,2,free,moderate,moderate,2671,36,radio/TV
671,31,male,2,own,moderate,,5742,36,business
373,63,male,3,free,,,13756,60,car
981,33,male,3,rent,little,,4844,48,business
842,23,female,2,own,little,,1943,18,repairs
233,25,male,1,own,little,moderate,866,18,radio/TV
785,35,male,1,own,rich,moderate,1941,18,business
676,33,male,2,own,little,,5150,24,furniture/equipment
317,48,female,1,own,,moderate,4351,24,furniture/equipment
648,38,male,2,free,little,rich,947,24,car
410,20,female,2,own,little,moderate,1967,24,radio/TV
898,33,female,1,rent,,,2186,15,furniture/equipment
709,37,male,1,own,little,moderate,2118,9,radio/TV
358,28,male,2,own,little,,776,12,radio/TV
258,23,female,2,own,moderate,,3812,15,car
744,30,male,3,own,,little,14179,39,furniture/equipment
627,29,male,2,own,moderate,moderate,1437,9,car
632,23,male,2,own,,moderate,1444,15,radio/TV
282,49,male,1,own,,rich,1445,18,radio/TV
376,34,male,2,own,little,,2320,18,radio/TV
384,26,male,1,own,moderate,,4272,30,business
224,30,male,2,own,little,,4657,15,car
953,26,female,3,own,little,,10974,36,furniture/equipment
814,46,male,2,free,little,little,3931,48,car
472,28,male,1,own,little,little,654,9,car
347,23,female,0,rent,quite rich,moderate,3758,24,radio/TV
505,27,male,1,own,,,1309,10,car
639,26,male,2,own,little,little,4370,42,radio/TV
987,64,female,2,own,moderate,,1409,13,radio/TV
928,58,male,2,own,,,1867,30,radio/TV
905,20,male,3,rent,little,little,1107,12,radio/TV
619,49,male,1,own,little,,640,12,car
855,33,male,2,own,moderate,,1474,24,car
803,35,male,2,own,,,976,12,radio/TV
645,27,male,2,rent,,,7980,36,business
846,68,male,2,rent,,,6761,18,car
556,28,female,2,own,moderate,moderate,2278,18,car
957,37,male,1,own,little,moderate,1154,9,radio/TV
577,33,female,2,own,,,1927,24,education
795,22,female,2,rent,moderate,,2301,9,furniture/equipment
85,29,female,3,own,little,,1412,12,business
242,24,male,2,free,little,little,4605,48,car
698,24,male,2,own,little,,1800,18,radio/TV
159,34,male,1,own,,,1898,6,radio/TV
524,26,female,1,own,little,moderate,1113,18,radio/TV
35,25,male,1,own,little,moderate,4746,45,radio/TV
540,23,male,2,rent,little,moderate,1534,12,radio/TV
170,33,male,2,rent,little,little,950,15,car
654,35,male,2,own,little,,2346,24,car
890,43,male,3,own,little,little,2442,27,business
857,28,male,2,free,little,,3343,15,furniture/equipment
847,28,male,2,own,little,,1249,24,car
944,46,female,2,rent,little,little,1845,15,furniture/equipment
733,28,female,2,rent,rich,,2603,24,car
95,58,male,2,rent,little,moderate,15945,54,business
563,37,male,2,free,,moderate,12389,36,car
240,29,female,2,own,,little,915,24,car
742,41,male,2,own,,,3160,21,radio/TV
574,27,male,1,own,little,moderate,1082,9,radio/TV
690,25,male,2,own,little,little,975,15,furniture/equipment
460,37,male,2,own,little,little,3620,36,furniture/equipment
553,27,male,2,own,moderate,moderate,1995,12,car
888,34,male,3,own,little,,6614,36,car
206,43,male,2,own,little,,1935,12,furniture/equipment
392,39,male,3,free,little,little,3249,36,car
794,32,male,2,rent,quite rich,,3062,24,furniture/equipment
397,46,male,2,own,little,little,2348,36,furniture/equipment
766,31,male,1,own,little,little,3108,30,furniture/equipment
848,59,male,2,own,little,little,1364,9,radio/TV
217,23,male,2,own,little,rich,3913,36,radio/TV
4,53,male,2,free,little,little,4870,24,car
768,28,male,2,rent,little,moderate,3617,12,furniture/equipment
642,40,male,3,own,moderate,,4623,15,education
929,43,male,1,own,little,little,1344,12,car
612,29,female,2,own,rich,little,3357,21,radio/TV
738,45,male,3,own,little,,6761,6,car
546,37,female,2,own,little,,2022,24,car
725,41,female,1,own,rich,,250,6,car
683,47,male,2,free,little,,5103,24,radio/TV
98,36,male,2,own,little,moderate,2337,36,radio/TV
804,24,female,0,rent,,moderate,7472,12,car
727,25,female,2,rent,little,little,1882,18,radio/TV
573,22,female,1,own,little,little,806,15,business
406,43,male,2,own,,,2197,24,car
502,49,male,2,own,moderate,rich,1126,9,radio/TV
47,23,female,0,rent,quite rich,little,1352,6,car
32,30,male,2,own,moderate,moderate,5866,18,car
779,67,female,2,own,little,moderate,3872,18,repairs
839,46,male,2,own,little,,2611,24,radio/TV
200,52,male,2,own,quite rich,,936,9,education
134,21,female,2,own,moderate,,10144,60,radio/TV
27,42,female,2,rent,rich,rich,409,12,radio/TV
880,38,male,3,own,little,,7814,24,car
230,26,male,2,own,little,rich,4210,36,radio/TV
489,26,male,2,rent,little,,3518,6,car
772,36,male,3,own,little,,3275,21,car
378,57,male,3,free,little,moderate,14318,36,car
288,49,female,2,own,little,moderate,1092,12,radio/TV
418,31,female,3,own,quite rich,,2782,21,car
674,41,male,1,own,quite rich,,2580,21,business
391,19,female,1,rent,rich,moderate,983,12,furniture/equipment
592,36,female,1,own,rich,,1572,21,business
498,32,male,1,own,little,moderate,1301,18,radio/TV
138,35,male,2,own,,moderate,2728,15,radio/TV
62,61,male,3,free,little,moderate,1953,36,business
471,23,female,2,own,little,little,448,6,education
647,26,female,2,own,quite rich,,1386,12,car
128,34,male,3,own,little,moderate,1860,12,car
976,64,female,2,own,little,moderate,753,6,radio/TV
520,44,male,2,free,little,,5507,24,repairs
838,63,male,2,own,little,little,2957,24,car
962,29,male,2,own,,,3556,15,car
64,26,female,2,own,little,,3181,24,radio/TV
812,24,male,2,own,little,little,9629,36,car
14,28,female,2,rent,little,little,1403,15,car
156,48,male,2,own,moderate,little,1288,9,repairs
40,30,male,3,own,quite rich,,2333,30,radio/TV
492,27,female,2,own,moderate,,1237,6,radio/TV
379,52,female,1,own,moderate,,362,6,car
187,68,male,0,free,little,moderate,1175,16,car
763,30,male,3,free,,,12680,21,car
216,31,male,2,own,little,little,3104,18,business
791,41,male,3,own,,,6313,24,car
52,25,male,2,own,little,,1262,12,radio/TV
878,27,male,3,free,little,little,1422,9,car
337,24,female,2,rent,,little,1275,15,domestic appliances
748,26,male,2,own,,,5248,21,car
719,31,male,2,own,moderate,moderate,6148,20,car
724,21,female,2,rent,little,,2570,27,car
295,26,female,2,own,little,moderate,9960,48,furniture/equipment
701,46,male,2,free,little,little,6331,48,car
251,46,female,1,own,little,rich,2251,12,furniture/equipment
726,47,male,1,own,quite rich,,1316,15,radio/TV
461,36,male,2,own,little,little,1721,15,car
455,29,female,3,own,little,,2679,24,car
996,40,male,3,own,little,little,3857,30,car
815,54,female,2,rent,little,moderate,7432,36,car
862,35,female,2,own,little,little,2439,24,radio/TV
269,25,male,2,own,,,999,24,radio/TV
201,27,male,1,own,little,little,1168,12,car
161,30,female,2,own,little,,1055,18,car
555,22,male,2,own,little,moderate,1331,12,radio/TV
729,36,male,2,own,rich,rich,1275,24,business
401,28,male,2,own,,moderate,1887,18,business
702,47,female,2,free,moderate,rich,1377,24,radio/TV
476,24,male,2,own,quite rich,,2569,39,car
821,24,male,2,own,little,rich,3016,12,radio/TV
771,25,female,3,own,little,little,8065,36,education
105,39,male,3,own,little,moderate,11938,24,vacation/others
565,23,female,2,rent,moderate,moderate,1553,24,radio/TV
389,27,female,2,own,little,,1449,9,business
1,22,female,2,own,little,moderate,5951,48,radio/TV
937,30,male,3,rent,little,moderate,2063,6,radio/TV
982,28,female,3,own,moderate,rich,2923,21,car
561,24,male,1,rent,little,little,1546,24,radio/TV
80,44,female,2,own,,,5943,24,radio/TV
205,38,male,3,free,little,little,10623,30,car
34,33,female,3,own,little,rich,1474,12,furniture/equipment
775,25,female,2,rent,,little,1371,24,car
508,28,male,2,own,little,,1413,24,radio/TV
427,46,male,2,own,rich,,1149,18,radio/TV
454,31,male,2,own,little,little,4817,24,car
366,27,male,2,own,little,,3850,18,car
91,54,male,2,own,little,little,1409,12,car
339,31,male,1,own,little,moderate,1521,10,furniture/equipment
897,35,female,2,own,rich,,1592,12,furniture/equipment
564,37,male,3,own,,moderate,4712,24,business
345,43,female,1,own,little,,1459,15,radio/TV
776,37,male,2,own,little,,3535,36,car
241,51,male,2,own,little,,1595,6,radio/TV
13,60,male,1,own,little,little,1199,24,car
315,31,male,2,own,little,little,2746,36,furniture/equipment
600,45,female,2,own,little,moderate,2329,7,radio/TV
387,40,male,3,own,little,moderate,7374,18,furniture/equipment
273,28,male,2,own,little,moderate,3060,48,radio/TV
166,33,female,2,own,little,little,1131,18,furniture/equipment
840,29,male,2,own,little,little,5179,36,furniture/equipment
992,23,male,1,rent,,little,1936,18,radio/TV
646,32,male,2,own,little,little,4583,30,furniture/equipment
818,43,male,3,own,little,little,15857,36,vacation/others
484,44,male,2,own,quite rich,,1163,12,car
980,49,male,2,own,little,moderate,8386,30,furniture/equipment
504,24,female,2,rent,little,little,1207,24,car
831,23,female,2,rent,little,little,1216,18,car
243,27,female,2,own,little,,1185,12,business
566,36,male,2,own,little,little,1372,12,car
875,40,female,2,own,rich,moderate,1322,11,car
562,29,female,2,own,little,rich,683,6,radio/TV
686,27,male,2,own,,rich,1347,10,radio/TV
189,33,female,2,own,little,moderate,3244,18,furniture/equipment
782,31,male,1,own,little,moderate,1410,12,education
699,40,male,3,rent,little,rich,1905,15,education
475,26,female,2,rent,little,little,3114,18,furniture/equipment
681,37,male,2,free,,,2279,12,radio/TV
510,26,male,2,own,little,little,759,12,car
58,23,female,3,own,little,rich,1961,18,car
474,33,male,2,own,little,moderate,1245,18,radio/TV
560,49,male,2,free,,little,2964,24,car
856,40,female,2,own,,,894,10,education
747,37,female,1,own,little,little,1274,12,car
252,24,female,2,own,little,moderate,2150,30,car
21,44,male,2,rent,quite rich,little,2647,6,radio/TV
313,25,male,1,own,little,moderate,685,12,car
459,32,male,2,own,little,,4594,18,radio/TV
160,36,male,2,own,moderate,,2872,24,radio/TV
276,26,female,2,own,little,,2404,18,radio/TV
955,57,female,3,rent,rich,little,1231,24,radio/TV
191,34,male,1,free,moderate,moderate,3844,48,business
385,25,female,2,own,little,,2238,18,radio/TV
805,24,male,2,own,little,little,9271,36,car
413,40,male,1,rent,quite rich,,1597,10,car
491,42,female,3,free,little,moderate,8318,27,business
343,33,male,3,own,little,moderate,4439,18,business
769,63,male,1,own,little,,1655,12,radio/TV
308,24,female,2,own,little,moderate,1237,8,furniture/equipment
661,23,male,2,own,,little,900,12,car
130,24,female,2,own,,moderate,8487,48,car
663,35,male,3,own,little,moderate,1050,6,furniture/equipment
871,46,male,2,own,little,rich,1343,6,car
99,36,male,3,rent,,moderate,7057,20,car
372,23,female,2,rent,little,,2146,10,furniture/equipment
87,47,male,2,free,moderate,moderate,12612,36,education
458,27,female,2,own,little,little,343,6,domestic appliances
330,75,male,3,free,little,little,6615,24,car
214,51,male,2,own,,,3342,36,radio/TV
466,29,female,1,rent,little,little,1659,24,radio/TV
121,41,female,3,rent,little,,3868,24,car
614,22,female,2,own,little,,1808,18,furniture/equipment
20,48,male,2,own,little,,2134,9,car
700,29,female,1,rent,quite rich,,1123,12,furniture/equipment
71,46,male,1,rent,,,730,7,radio/TV
106,39,male,3,own,little,,6458,18,car
270,32,male,2,own,,,2662,18,car
860,27,male,2,own,rich,,5804,24,car
435,25,male,2,own,,moderate,1484,12,radio/TV
102,24,female,2,own,little,,932,6,radio/TV
